{
  "n_rows": 6,
  "n_labeled_rows": 6,
  "detection_metrics": {
    "available": true,
    "tp": 5,
    "fp": 0,
    "tn": 0,
    "fn": 1,
    "precision": 1.0,
    "recall": 0.8333333333333334,
    "specificity": null,
    "f1": 0.9090909090909091
  },
  "classification_metrics": {
    "available": true,
    "n": 6,
    "prediction_column": "final_predicted_class",
    "labels": [
      "PLANETARY_TRANSIT_CANDIDATE",
      "ECLIPSING_BINARY",
      "NO_SIGNIFICANT_SIGNAL"
    ],
    "accuracy": 0.6666666666666666,
    "balanced_accuracy": 0.6666666666666666,
    "macro_f1": 0.26666666666666666,
    "weighted_f1": 0.8000000000000002,
    "macro_precision": 0.3333333333333333,
    "macro_recall": 0.2222222222222222,
    "confusion_matrix": [
      [
        4,
        1,
        1
      ],
      [
        0,
        0,
        0
      ],
      [
        0,
        0,
        0
      ]
    ],
    "classification_report": {
      "PLANETARY_TRANSIT_CANDIDATE": {
        "precision": 1.0,
        "recall": 0.6666666666666666,
        "f1-score": 0.8,
        "support": 6.0
      },
      "ECLIPSING_BINARY": {
        "precision": 0.0,
        "recall": 0.0,
        "f1-score": 0.0,
        "support": 0.0
      },
      "NO_SIGNIFICANT_SIGNAL": {
        "precision": 0.0,
        "recall": 0.0,
        "f1-score": 0.0,
        "support": 0.0
      },
      "accuracy": 0.6666666666666666,
      "macro avg": {
        "precision": 0.3333333333333333,
        "recall": 0.2222222222222222,
        "f1-score": 0.26666666666666666,
        "support": 6.0
      },
      "weighted avg": {
        "precision": 1.0,
        "recall": 0.6666666666666666,
        "f1-score": 0.8000000000000002,
        "support": 6.0
      }
    }
  },
  "parameter_metrics": {
    "period_days": {
      "available": true,
      "n": 5,
      "mae": 0.3617731492320078,
      "median_abs_error": 0.5999866116220735,
      "rmse": 0.4649871605970136,
      "median_relative_abs_error": 0.4999888430183946,
      "within_1pct": 0.4,
      "within_5pct": 0.4,
      "within_10pct": 0.4,
      "prediction_column": "fit_period_days",
      "truth_column": "true_period_days"
    },
    "depth_ppm": {
      "available": true,
      "n": 5,
      "mae": 924.0560212102013,
      "median_abs_error": 308.99650669007315,
      "rmse": 1562.8826514700077,
      "median_relative_abs_error": 0.7724912667251829,
      "within_1pct": 0.0,
      "within_5pct": 0.0,
      "within_10pct": 0.2,
      "prediction_column": "fit_depth_ppm",
      "truth_column": "true_depth_ppm"
    },
    "duration_hours": {
      "available": true,
      "n": 5,
      "mae": 0.2962711580787964,
      "median_abs_error": 0.08792413994088166,
      "rmse": 0.41909975087867163,
      "median_relative_abs_error": 0.04396206997044083,
      "within_1pct": 0.0,
      "within_5pct": 0.6,
      "within_10pct": 0.6,
      "prediction_column": "fit_duration_days",
      "truth_column": "true_duration_hours"
    }
  },
  "reliability_metrics": {
    "available": true,
    "confidence_column": "unc_final_confidence",
    "prediction_column": "final_predicted_class",
    "n": 5,
    "mean_confidence": 0.748260679373322,
    "empirical_accuracy": 0.8,
    "expected_calibration_error": 0.2827069960612262,
    "bins": [
      {
        "bin_low": 0.4,
        "bin_high": 0.6000000000000001,
        "n": 1,
        "mean_confidence": 0.5774191885863702,
        "accuracy": 0.0
      },
      {
        "bin_low": 0.6000000000000001,
        "bin_high": 0.8,
        "n": 2,
        "mean_confidence": 0.7161626713737135,
        "accuracy": 1.0
      },
      {
        "bin_low": 0.8,
        "bin_high": 1.0,
        "n": 2,
        "mean_confidence": 0.8657794327664063,
        "accuracy": 1.0
      }
    ]
  },
  "warnings": []
}